,CustomerID,Segment
0,12346.0,loyal_customers_with_high_monetary
1,12347.0,high_monetary
2,12348.0,loyal_customers_with_high_monetary
3,12350.0,new_customers
4,12352.0,most_important_customers
5,12356.0,high_monetary
6,12359.0,most_important_customers
7,12362.0,new_customers_with_high_monetary
8,12370.0,inactive_customer
9,12372.0,new_customers_with_high_monetary
10,12373.0,high_monetary
11,12377.0,loyal_customers_with_high_monetary
12,12380.0,new_customers_with_high_monetary
13,12383.0,most_important_customers
14,12386.0,inactive_customer
15,12388.0,most_important_customers
16,12393.0,loyal_customers_with_high_monetary
17,12395.0,most_important_customers
18,12401.0,new_customers
19,12402.0,inactive_customer
20,12410.0,most_important_customers
21,12413.0,loyal_customers_with_high_monetary
22,12414.0,new_customers
23,12415.0,most_important_customers
24,12417.0,most_important_customers
25,12421.0,inactive_customer
26,12422.0,inactive_customer
27,12423.0,most_important_customers
28,12427.0,inactive_customer
29,12428.0,new_customers_with_high_monetary
30,12431.0,most_important_customers
31,12437.0,most_important_customers
32,12451.0,high_monetary
33,12455.0,most_important_customers
34,12462.0,most_important_customers
35,12464.0,new_customers
36,12468.0,inactive_customer
37,12471.0,most_important_customers
38,12472.0,most_important_customers
39,12473.0,new_customers
40,12474.0,most_important_customers
41,12476.0,most_important_customers
42,12477.0,most_important_customers
43,12480.0,high_monetary
44,12481.0,loyal_customers_with_high_monetary
45,12483.0,loyal_customers_with_high_monetary
46,12484.0,high_monetary
47,12489.0,inactive_customer
48,12490.0,high_monetary
49,12494.0,loyal_customers_with_high_recency
50,12500.0,most_important_customers
51,12501.0,loyal_customers_with_high_monetary
52,12502.0,new_customers_with_high_monetary
53,12503.0,inactive_customer
54,12505.0,new_customers
55,12507.0,new_customers_with_high_monetary
56,12510.0,high_monetary
57,12515.0,high_monetary
58,12523.0,inactive_customer
59,12524.0,inactive_customer
60,12527.0,loyal_customers_with_high_recency
61,12528.0,high_monetary
62,12530.0,high_monetary
63,12535.0,new_customers_with_high_monetary
64,12539.0,loyal_customers_with_high_monetary
65,12540.0,most_important_customers
66,12551.0,inactive_customer
67,12553.0,most_important_customers
68,12557.0,high_monetary
69,12559.0,loyal_customers_with_high_monetary
70,12561.0,new_customers
71,12567.0,most_important_customers
72,12574.0,inactive_customer
73,12576.0,new_customers
74,12578.0,loyal_customers_with_high_monetary
75,12583.0,most_important_customers
76,12584.0,new_customers
77,12585.0,loyal_customers_with_high_monetary
78,12591.0,high_monetary
79,12594.0,most_important_customers
80,12599.0,new_customers
81,12600.0,most_important_customers
82,12601.0,loyal_customers_with_high_recency
83,12609.0,most_important_customers
84,12616.0,new_customers
85,12621.0,most_important_customers
86,12625.0,most_important_customers
87,12626.0,loyal_customers_with_high_monetary
88,12633.0,new_customers
89,12637.0,loyal_customers_with_high_monetary
90,12643.0,high_monetary
91,12645.0,high_monetary
92,12647.0,inactive_customer
93,12651.0,inactive_customer
94,12652.0,loyal_customers_with_high_monetary
95,12653.0,new_customers_with_high_monetary
96,12654.0,new_customers
97,12662.0,loyal_customers_with_high_recency
98,12664.0,high_monetary
99,12665.0,loyal_customers_with_low_recency_&_monetary
100,12668.0,loyal_customers_with_high_monetary
101,12672.0,inactive_customer
102,12673.0,inactive_customer
103,12676.0,high_monetary
104,12678.0,loyal_customers_with_low_recency_&_monetary
105,12679.0,new_customers_with_high_monetary
106,12681.0,loyal_customers_with_high_monetary
107,12682.0,loyal_customers_with_high_monetary
108,12683.0,most_important_customers
109,12686.0,inactive_customer
110,12691.0,loyal_customers_with_high_monetary
111,12693.0,inactive_customer
112,12705.0,high_monetary
113,12707.0,new_customers_with_high_monetary
114,12708.0,inactive_customer
115,12709.0,most_important_customers
116,12712.0,most_important_customers
117,12714.0,new_customers_with_high_monetary
118,12720.0,most_important_customers
119,12721.0,most_important_customers
120,12724.0,inactive_customer
121,12726.0,most_important_customers
122,12727.0,most_important_customers
123,12728.0,inactive_customer
124,12731.0,high_monetary
125,12734.0,inactive_customer
126,12735.0,loyal_customers_with_high_monetary
127,12736.0,inactive_customer
128,12744.0,high_monetary
129,12747.0,most_important_customers
130,12748.0,most_important_customers
131,12753.0,most_important_customers
132,12754.0,new_customers
133,12757.0,new_customers
134,12764.0,high_monetary
135,12766.0,high_monetary
136,12775.0,loyal_customers_with_high_recency
137,12778.0,inactive_customer
138,12779.0,most_important_customers
139,12782.0,loyal_customers_with_high_monetary
140,12793.0,high_monetary
141,12802.0,new_customers_with_high_monetary
142,12820.0,inactive_customer
143,12823.0,new_customers
144,12826.0,loyal_customers_with_high_monetary
145,12829.0,loyal_customers_with_low_recency_&_monetary
146,12834.0,new_customers
147,12836.0,high_monetary
148,12839.0,loyal_customers_with_high_monetary
149,12841.0,most_important_customers
150,12842.0,new_customers
151,12843.0,new_customers_with_high_monetary
152,12852.0,new_customers
153,12853.0,loyal_customers_with_high_monetary
154,12854.0,loyal_customers_with_high_monetary
155,12857.0,new_customers_with_high_monetary
156,12866.0,new_customers_with_high_monetary
157,12867.0,new_customers_with_high_monetary
158,12868.0,most_important_customers
159,12870.0,inactive_customer
160,12872.0,inactive_customer
161,12873.0,new_customers_with_high_monetary
162,12877.0,inactive_customer
163,12891.0,loyal_customers_with_high_recency
164,12897.0,new_customers
165,12908.0,loyal_customers_with_low_recency_&_monetary
166,12913.0,most_important_customers
167,12915.0,inactive_customer
168,12916.0,high_monetary
169,12921.0,most_important_customers
170,12924.0,inactive_customer
171,12929.0,inactive_customer
172,12931.0,most_important_customers
173,12935.0,high_monetary
174,12939.0,most_important_customers
175,12943.0,new_customers
176,12944.0,inactive_customer
177,12947.0,loyal_customers_with_low_recency_&_monetary
178,12951.0,loyal_customers_with_high_recency
179,12956.0,new_customers
180,12957.0,most_important_customers
181,12963.0,new_customers
182,12967.0,most_important_customers
183,12970.0,loyal_customers_with_low_recency_&_monetary
184,12971.0,most_important_customers
185,12980.0,most_important_customers
186,12988.0,new_customers_with_high_monetary
187,12989.0,most_important_customers
188,12990.0,loyal_customers_with_high_recency
189,12993.0,new_customers
190,12997.0,loyal_customers_with_low_recency_&_monetary
191,13001.0,most_important_customers
192,13002.0,inactive_customer
193,13004.0,most_important_customers
194,13008.0,inactive_customer
195,13012.0,new_customers_with_high_monetary
196,13018.0,loyal_customers_with_high_recency
197,13021.0,new_customers
198,13027.0,high_monetary
199,13029.0,high_monetary
200,13033.0,inactive_customer
201,13047.0,most_important_customers
202,13048.0,high_monetary
203,13049.0,inactive_customer
204,13050.0,most_important_customers
205,13064.0,inactive_customer
206,13068.0,inactive_customer
207,13069.0,most_important_customers
208,13077.0,inactive_customer
209,13078.0,most_important_customers
210,13081.0,loyal_customers_with_high_monetary
211,13082.0,high_monetary
212,13085.0,new_customers
213,13089.0,most_important_customers
214,13090.0,loyal_customers_with_low_recency_&_monetary
215,13093.0,most_important_customers
216,13094.0,loyal_customers_with_high_recency
217,13097.0,most_important_customers
218,13098.0,most_important_customers
219,13102.0,most_important_customers
220,13104.0,inactive_customer
221,13107.0,loyal_customers_with_high_monetary
222,13110.0,most_important_customers
223,13113.0,most_important_customers
224,13115.0,loyal_customers_with_high_recency
225,13117.0,loyal_customers_with_low_recency_&_monetary
226,13126.0,loyal_customers_with_low_recency_&_monetary
227,13133.0,new_customers
228,13137.0,new_customers
229,13138.0,inactive_customer
230,13140.0,inactive_customer
231,13141.0,loyal_customers_with_high_monetary
232,13144.0,inactive_customer
233,13148.0,loyal_customers_with_high_monetary
234,13151.0,new_customers_with_high_monetary
235,13155.0,inactive_customer
236,13157.0,new_customers
237,13158.0,inactive_customer
238,13161.0,inactive_customer
239,13162.0,loyal_customers_with_high_monetary
240,13165.0,high_monetary
241,13166.0,most_important_customers
242,13168.0,most_important_customers
243,13171.0,new_customers
244,13174.0,high_monetary
245,13178.0,new_customers_with_high_monetary
246,13183.0,high_monetary
247,13187.0,inactive_customer
248,13198.0,high_monetary
249,13199.0,most_important_customers
250,13208.0,new_customers
251,13209.0,loyal_customers_with_low_recency_&_monetary
252,13220.0,new_customers
253,13225.0,high_monetary
254,13230.0,most_important_customers
255,13233.0,inactive_customer
256,13246.0,most_important_customers
257,13253.0,high_monetary
258,13263.0,most_important_customers
259,13266.0,new_customers
260,13267.0,loyal_customers_with_high_monetary
261,13270.0,high_monetary
262,13280.0,loyal_customers_with_high_monetary
263,13283.0,new_customers
264,13284.0,loyal_customers_with_low_recency_&_monetary
265,13301.0,new_customers
266,13304.0,inactive_customer
267,13305.0,loyal_customers_with_high_recency
268,13309.0,new_customers_with_high_monetary
269,13310.0,loyal_customers_with_high_monetary
270,13313.0,inactive_customer
271,13319.0,most_important_customers
272,13324.0,high_monetary
273,13327.0,most_important_customers
274,13328.0,high_monetary
275,13329.0,inactive_customer
276,13330.0,most_important_customers
277,13334.0,new_customers_with_high_monetary
278,13368.0,inactive_customer
279,13369.0,inactive_customer
280,13370.0,loyal_customers_with_high_monetary
281,13381.0,new_customers_with_high_monetary
282,13385.0,high_monetary
283,13394.0,new_customers
284,13395.0,new_customers
285,13396.0,loyal_customers_with_high_monetary
286,13397.0,most_important_customers
287,13405.0,inactive_customer
288,13408.0,most_important_customers
289,13410.0,loyal_customers_with_high_recency
290,13414.0,new_customers_with_high_monetary
291,13425.0,new_customers_with_high_monetary
292,13426.0,inactive_customer
293,13451.0,high_monetary
294,13455.0,inactive_customer
295,13458.0,most_important_customers
296,13468.0,most_important_customers
297,13473.0,loyal_customers_with_low_recency_&_monetary
298,13475.0,new_customers
299,13476.0,new_customers
300,13477.0,new_customers
301,13487.0,inactive_customer
302,13488.0,most_important_customers
303,13489.0,new_customers
304,13491.0,most_important_customers
305,13494.0,inactive_customer
306,13496.0,inactive_customer
307,13497.0,new_customers
308,13502.0,inactive_customer
309,13506.0,loyal_customers_with_low_recency_&_monetary
310,13520.0,most_important_customers
311,13527.0,inactive_customer
312,13531.0,inactive_customer
313,13534.0,most_important_customers
314,13538.0,inactive_customer
315,13539.0,new_customers
316,13551.0,inactive_customer
317,13552.0,loyal_customers_with_high_recency
318,13564.0,loyal_customers_with_high_monetary
319,13565.0,inactive_customer
320,13571.0,new_customers
321,13576.0,most_important_customers
322,13581.0,new_customers
323,13584.0,new_customers
324,13590.0,new_customers
325,13593.0,high_monetary
326,13599.0,most_important_customers
327,13600.0,inactive_customer
328,13606.0,inactive_customer
329,13614.0,inactive_customer
330,13615.0,loyal_customers_with_high_monetary
331,13623.0,loyal_customers_with_high_recency
332,13627.0,inactive_customer
333,13629.0,loyal_customers_with_high_monetary
334,13634.0,high_monetary
335,13643.0,new_customers
336,13649.0,inactive_customer
337,13656.0,inactive_customer
338,13659.0,high_monetary
339,13668.0,most_important_customers
340,13672.0,loyal_customers_with_high_recency
341,13680.0,loyal_customers_with_high_monetary
342,13693.0,loyal_customers_with_low_recency_&_monetary
343,13694.0,most_important_customers
344,13700.0,loyal_customers_with_low_recency_&_monetary
345,13703.0,inactive_customer
346,13706.0,new_customers
347,13707.0,high_monetary
348,13709.0,high_monetary
349,13715.0,loyal_customers_with_high_monetary
350,13717.0,new_customers
351,13718.0,new_customers
352,13722.0,new_customers_with_high_monetary
353,13725.0,most_important_customers
354,13728.0,inactive_customer
355,13742.0,most_important_customers
356,13744.0,new_customers_with_high_monetary
357,13750.0,most_important_customers
358,13752.0,new_customers
359,13754.0,inactive_customer
360,13758.0,loyal_customers_with_high_monetary
361,13764.0,high_monetary
362,13767.0,most_important_customers
363,13769.0,loyal_customers_with_low_recency_&_monetary
364,13777.0,most_important_customers
365,13782.0,inactive_customer
366,13784.0,most_important_customers
367,13798.0,most_important_customers
368,13799.0,new_customers_with_high_monetary
369,13800.0,new_customers_with_high_monetary
370,13802.0,high_monetary
371,13807.0,inactive_customer
372,13809.0,new_customers
373,13815.0,high_monetary
374,13817.0,inactive_customer
375,13819.0,most_important_customers
376,13824.0,new_customers_with_high_monetary
377,13837.0,inactive_customer
378,13842.0,most_important_customers
379,13848.0,most_important_customers
380,13854.0,most_important_customers
381,13859.0,inactive_customer
382,13862.0,most_important_customers
383,13865.0,new_customers
384,13869.0,loyal_customers_with_high_monetary
385,13871.0,new_customers_with_high_monetary
386,13873.0,loyal_customers_with_high_recency
387,13874.0,high_monetary
388,13875.0,new_customers_with_high_monetary
389,13880.0,most_important_customers
390,13881.0,high_monetary
391,13883.0,inactive_customer
392,13884.0,new_customers
393,13890.0,inactive_customer
394,13893.0,new_customers_with_high_monetary
395,13894.0,loyal_customers_with_high_recency
396,13898.0,inactive_customer
397,13901.0,inactive_customer
398,13904.0,new_customers
399,13911.0,most_important_customers
400,13922.0,inactive_customer
401,13929.0,loyal_customers_with_high_monetary
402,13932.0,new_customers
403,13939.0,loyal_customers_with_high_recency
404,13941.0,new_customers_with_high_monetary
405,13951.0,new_customers
406,13953.0,high_monetary
407,13955.0,new_customers
408,13963.0,most_important_customers
409,13969.0,high_monetary
410,13982.0,high_monetary
411,13983.0,most_important_customers
412,13984.0,loyal_customers_with_low_recency_&_monetary
413,13993.0,inactive_customer
414,13999.0,inactive_customer
415,14006.0,inactive_customer
416,14016.0,high_monetary
417,14030.0,most_important_customers
418,14031.0,most_important_customers
419,14032.0,loyal_customers_with_low_recency_&_monetary
420,14035.0,new_customers
421,14040.0,loyal_customers_with_high_monetary
422,14044.0,new_customers
423,14045.0,loyal_customers_with_high_monetary
424,14047.0,loyal_customers_with_low_recency_&_monetary
425,14048.0,new_customers_with_high_monetary
426,14049.0,loyal_customers_with_high_monetary
427,14051.0,most_important_customers
428,14057.0,new_customers_with_high_monetary
429,14060.0,loyal_customers_with_high_monetary
430,14062.0,loyal_customers_with_high_monetary
431,14068.0,inactive_customer
432,14081.0,most_important_customers
433,14083.0,loyal_customers_with_low_recency_&_monetary
434,14085.0,most_important_customers
435,14088.0,high_monetary
436,14090.0,inactive_customer
437,14092.0,loyal_customers_with_high_monetary
438,14099.0,most_important_customers
439,14101.0,most_important_customers
440,14107.0,most_important_customers
441,14113.0,loyal_customers_with_high_monetary
442,14114.0,inactive_customer
443,14119.0,inactive_customer
444,14127.0,new_customers
445,14130.0,high_monetary
446,14133.0,loyal_customers_with_high_recency
447,14135.0,most_important_customers
448,14146.0,loyal_customers_with_high_monetary
449,14156.0,most_important_customers
450,14159.0,inactive_customer
451,14161.0,new_customers
452,14162.0,new_customers
453,14167.0,inactive_customer
454,14175.0,loyal_customers_with_low_recency_&_monetary
455,14176.0,most_important_customers
456,14180.0,most_important_customers
457,14185.0,inactive_customer
458,14188.0,new_customers_with_high_monetary
459,14189.0,most_important_customers
460,14191.0,new_customers_with_high_monetary
461,14194.0,new_customers_with_high_monetary
462,14201.0,new_customers
463,14209.0,high_monetary
464,14210.0,most_important_customers
465,14211.0,new_customers
466,14213.0,inactive_customer
467,14215.0,most_important_customers
468,14217.0,most_important_customers
469,14220.0,inactive_customer
470,14221.0,inactive_customer
471,14224.0,inactive_customer
472,14227.0,new_customers
473,14229.0,most_important_customers
474,14231.0,new_customers
475,14232.0,new_customers
476,14233.0,loyal_customers_with_high_monetary
477,14236.0,inactive_customer
478,14238.0,inactive_customer
479,14239.0,most_important_customers
480,14242.0,inactive_customer
481,14243.0,most_important_customers
482,14247.0,new_customers
483,14248.0,inactive_customer
484,14257.0,most_important_customers
485,14258.0,most_important_customers
486,14270.0,high_monetary
487,14290.0,inactive_customer
488,14292.0,most_important_customers
489,14293.0,new_customers
490,14295.0,inactive_customer
491,14298.0,most_important_customers
492,14299.0,loyal_customers_with_high_monetary
493,14304.0,new_customers
494,14307.0,high_monetary
495,14309.0,most_important_customers
496,14312.0,most_important_customers
497,14320.0,loyal_customers_with_high_monetary
498,14321.0,inactive_customer
499,14329.0,high_monetary
500,14334.0,loyal_customers_with_high_monetary
501,14341.0,loyal_customers_with_low_recency_&_monetary
502,14344.0,inactive_customer
503,14346.0,new_customers
504,14368.0,inactive_customer
505,14371.0,new_customers
506,14373.0,inactive_customer
507,14375.0,new_customers
508,14379.0,new_customers
509,14386.0,new_customers
510,14388.0,most_important_customers
511,14389.0,inactive_customer
512,14390.0,loyal_customers_with_low_recency_&_monetary
513,14395.0,high_monetary
514,14401.0,inactive_customer
515,14404.0,loyal_customers_with_low_recency_&_monetary
516,14409.0,inactive_customer
517,14410.0,new_customers
518,14411.0,high_monetary
519,14415.0,most_important_customers
520,14426.0,loyal_customers_with_high_monetary
521,14428.0,inactive_customer
522,14431.0,most_important_customers
523,14438.0,new_customers
524,14439.0,high_monetary
525,14440.0,high_monetary
526,14441.0,loyal_customers_with_high_recency
527,14442.0,loyal_customers_with_high_monetary
528,14443.0,loyal_customers_with_high_recency
529,14448.0,inactive_customer
530,14449.0,inactive_customer
531,14450.0,inactive_customer
532,14457.0,inactive_customer
533,14460.0,loyal_customers_with_low_recency_&_monetary
534,14462.0,most_important_customers
535,14465.0,new_customers_with_high_monetary
536,14466.0,most_important_customers
537,14467.0,inactive_customer
538,14472.0,loyal_customers_with_high_monetary
539,14473.0,new_customers
540,14475.0,most_important_customers
541,14477.0,new_customers
542,14483.0,new_customers
543,14491.0,inactive_customer
544,14496.0,inactive_customer
545,14497.0,most_important_customers
546,14498.0,new_customers
547,14501.0,inactive_customer
548,14502.0,most_important_customers
549,14504.0,new_customers
550,14505.0,loyal_customers_with_low_recency_&_monetary
551,14506.0,new_customers
552,14514.0,inactive_customer
553,14525.0,most_important_customers
554,14527.0,most_important_customers
555,14530.0,most_important_customers
556,14532.0,loyal_customers_with_high_monetary
557,14533.0,high_monetary
558,14534.0,most_important_customers
559,14540.0,new_customers
560,14541.0,loyal_customers_with_high_monetary
561,14542.0,new_customers
562,14543.0,most_important_customers
563,14548.0,inactive_customer
564,14549.0,inactive_customer
565,14553.0,inactive_customer
566,14555.0,new_customers
567,14560.0,most_important_customers
568,14562.0,new_customers
569,14572.0,loyal_customers_with_low_recency_&_monetary
570,14573.0,high_monetary
571,14577.0,high_monetary
572,14583.0,new_customers
573,14587.0,most_important_customers
574,14595.0,inactive_customer
575,14600.0,new_customers_with_high_monetary
576,14606.0,most_important_customers
577,14609.0,new_customers
578,14616.0,inactive_customer
579,14618.0,loyal_customers_with_low_recency_&_monetary
580,14623.0,new_customers
581,14625.0,loyal_customers_with_high_recency
582,14627.0,inactive_customer
583,14631.0,new_customers
584,14639.0,loyal_customers_with_high_recency
585,14643.0,loyal_customers_with_high_monetary
586,14644.0,new_customers
587,14646.0,most_important_customers
588,14653.0,high_monetary
589,14656.0,new_customers
590,14657.0,most_important_customers
591,14659.0,most_important_customers
592,14662.0,inactive_customer
593,14665.0,most_important_customers
594,14667.0,most_important_customers
595,14669.0,loyal_customers_with_high_monetary
596,14672.0,inactive_customer
597,14676.0,most_important_customers
598,14679.0,inactive_customer
599,14680.0,most_important_customers
600,14688.0,most_important_customers
601,14692.0,most_important_customers
602,14696.0,inactive_customer
603,14701.0,most_important_customers
604,14702.0,most_important_customers
605,14709.0,loyal_customers_with_high_monetary
606,14711.0,new_customers
607,14713.0,most_important_customers
608,14715.0,loyal_customers_with_high_recency
609,14723.0,inactive_customer
610,14732.0,most_important_customers
611,14733.0,most_important_customers
612,14735.0,most_important_customers
613,14737.0,high_monetary
614,14738.0,inactive_customer
615,14739.0,inactive_customer
616,14744.0,most_important_customers
617,14745.0,new_customers_with_high_monetary
618,14748.0,inactive_customer
619,14754.0,new_customers
620,14755.0,most_important_customers
621,14760.0,loyal_customers_with_high_recency
622,14761.0,inactive_customer
623,14766.0,inactive_customer
624,14769.0,loyal_customers_with_high_monetary
625,14770.0,inactive_customer
626,14776.0,high_monetary
627,14777.0,inactive_customer
628,14778.0,new_customers
629,14779.0,loyal_customers_with_high_monetary
630,14782.0,inactive_customer
631,14784.0,inactive_customer
632,14794.0,inactive_customer
633,14796.0,most_important_customers
634,14798.0,new_customers
635,14800.0,loyal_customers_with_high_monetary
636,14803.0,new_customers_with_high_monetary
637,14805.0,inactive_customer
638,14810.0,loyal_customers_with_high_recency
639,14821.0,inactive_customer
640,14825.0,new_customers
641,14828.0,high_monetary
642,14842.0,loyal_customers_with_high_recency
643,14849.0,most_important_customers
644,14850.0,loyal_customers_with_low_recency_&_monetary
645,14866.0,inactive_customer
646,14867.0,most_important_customers
647,14878.0,new_customers
648,14880.0,new_customers
649,14889.0,inactive_customer
650,14895.0,inactive_customer
651,14897.0,new_customers
652,14898.0,loyal_customers_with_high_recency
653,14901.0,inactive_customer
654,14911.0,most_important_customers
655,14916.0,inactive_customer
656,14934.0,new_customers_with_high_monetary
657,14935.0,new_customers_with_high_monetary
658,14944.0,most_important_customers
659,14952.0,most_important_customers
660,14958.0,new_customers
661,14959.0,new_customers
662,14961.0,most_important_customers
663,14970.0,inactive_customer
664,14976.0,inactive_customer
665,14978.0,loyal_customers_with_high_monetary
666,14985.0,inactive_customer
667,15002.0,most_important_customers
668,15005.0,most_important_customers
669,15021.0,inactive_customer
670,15023.0,high_monetary
671,15024.0,loyal_customers_with_high_recency
672,15031.0,new_customers
673,15033.0,high_monetary
674,15034.0,loyal_customers_with_high_monetary
675,15039.0,most_important_customers
676,15044.0,most_important_customers
677,15046.0,most_important_customers
678,15052.0,inactive_customer
679,15057.0,high_monetary
680,15058.0,most_important_customers
681,15059.0,most_important_customers
682,15061.0,most_important_customers
683,15067.0,new_customers_with_high_monetary
684,15070.0,inactive_customer
685,15073.0,most_important_customers
686,15078.0,loyal_customers_with_high_monetary
687,15079.0,high_monetary
688,15081.0,inactive_customer
689,15087.0,new_customers
690,15090.0,new_customers_with_high_monetary
691,15092.0,new_customers
692,15093.0,high_monetary
693,15095.0,new_customers
694,15100.0,loyal_customers_with_low_recency_&_monetary
695,15101.0,inactive_customer
696,15104.0,new_customers_with_high_monetary
697,15107.0,loyal_customers_with_low_recency_&_monetary
698,15108.0,new_customers
699,15110.0,inactive_customer
700,15111.0,inactive_customer
701,15114.0,new_customers
702,15122.0,most_important_customers
703,15129.0,new_customers_with_high_monetary
704,15133.0,new_customers
705,15139.0,inactive_customer
706,15144.0,high_monetary
707,15150.0,new_customers_with_high_monetary
708,15157.0,loyal_customers_with_high_monetary
709,15159.0,loyal_customers_with_high_monetary
710,15160.0,inactive_customer
711,15164.0,inactive_customer
712,15167.0,inactive_customer
713,15171.0,loyal_customers_with_high_monetary
714,15174.0,inactive_customer
715,15179.0,loyal_customers_with_high_monetary
716,15189.0,most_important_customers
717,15194.0,loyal_customers_with_high_monetary
718,15197.0,loyal_customers_with_high_monetary
719,15199.0,new_customers_with_high_monetary
720,15203.0,inactive_customer
721,15204.0,inactive_customer
722,15208.0,inactive_customer
723,15213.0,loyal_customers_with_low_recency_&_monetary
724,15215.0,inactive_customer
725,15218.0,high_monetary
726,15222.0,high_monetary
727,15224.0,loyal_customers_with_low_recency_&_monetary
728,15226.0,inactive_customer
729,15227.0,inactive_customer
730,15228.0,new_customers_with_high_monetary
731,15235.0,most_important_customers
732,15236.0,new_customers
733,15240.0,loyal_customers_with_high_recency
734,15257.0,new_customers
735,15260.0,most_important_customers
736,15262.0,inactive_customer
737,15266.0,inactive_customer
738,15270.0,most_important_customers
739,15271.0,inactive_customer
740,15279.0,inactive_customer
741,15281.0,most_important_customers
742,15290.0,most_important_customers
743,15291.0,loyal_customers_with_high_monetary
744,15296.0,high_monetary
745,15298.0,loyal_customers_with_high_monetary
746,15299.0,new_customers
747,15301.0,most_important_customers
748,15304.0,new_customers
749,15311.0,most_important_customers
750,15312.0,loyal_customers_with_low_recency_&_monetary
751,15316.0,inactive_customer
752,15319.0,new_customers
753,15326.0,inactive_customer
754,15339.0,inactive_customer
755,15346.0,inactive_customer
756,15347.0,inactive_customer
757,15349.0,new_customers
758,15356.0,new_customers
759,15358.0,most_important_customers
760,15363.0,inactive_customer
761,15365.0,inactive_customer
762,15366.0,inactive_customer
763,15370.0,most_important_customers
764,15373.0,loyal_customers_with_low_recency_&_monetary
765,15379.0,most_important_customers
766,15382.0,most_important_customers
767,15386.0,new_customers_with_high_monetary
768,15392.0,inactive_customer
769,15395.0,inactive_customer
770,15406.0,new_customers
771,15407.0,new_customers
772,15415.0,high_monetary
773,15416.0,new_customers_with_high_monetary
774,15421.0,new_customers
775,15422.0,loyal_customers_with_low_recency_&_monetary
776,15443.0,high_monetary
777,15447.0,inactive_customer
778,15448.0,high_monetary
779,15449.0,new_customers
780,15456.0,loyal_customers_with_high_recency
781,15460.0,inactive_customer
782,15464.0,high_monetary
783,15465.0,most_important_customers
784,15485.0,inactive_customer
785,15497.0,loyal_customers_with_high_monetary
786,15498.0,most_important_customers
787,15503.0,inactive_customer
788,15510.0,inactive_customer
789,15513.0,most_important_customers
790,15518.0,loyal_customers_with_high_monetary
791,15527.0,loyal_customers_with_high_monetary
792,15529.0,inactive_customer
793,15532.0,high_monetary
794,15535.0,loyal_customers_with_low_recency_&_monetary
795,15544.0,most_important_customers
796,15547.0,inactive_customer
797,15549.0,loyal_customers_with_high_monetary
798,15550.0,new_customers
799,15554.0,new_customers
800,15562.0,inactive_customer
801,15569.0,inactive_customer
802,15570.0,most_important_customers
803,15572.0,most_important_customers
804,15577.0,new_customers
805,15579.0,inactive_customer
806,15581.0,loyal_customers_with_low_recency_&_monetary
807,15587.0,high_monetary
808,15589.0,inactive_customer
809,15596.0,loyal_customers_with_high_monetary
810,15601.0,most_important_customers
811,15602.0,loyal_customers_with_high_recency
812,15606.0,most_important_customers
813,15607.0,inactive_customer
814,15611.0,inactive_customer
815,15615.0,most_important_customers
816,15620.0,high_monetary
817,15622.0,new_customers_with_high_monetary
818,15626.0,inactive_customer
819,15636.0,new_customers
820,15638.0,new_customers
821,15640.0,most_important_customers
822,15641.0,new_customers_with_high_monetary
823,15643.0,loyal_customers_with_high_recency
824,15649.0,loyal_customers_with_high_monetary
825,15658.0,most_important_customers
826,15660.0,new_customers
827,15661.0,loyal_customers_with_low_recency_&_monetary
828,15670.0,new_customers
829,15673.0,high_monetary
830,15680.0,high_monetary
831,15687.0,most_important_customers
832,15694.0,loyal_customers_with_high_monetary
833,15696.0,most_important_customers
834,15708.0,loyal_customers_with_high_monetary
835,15713.0,inactive_customer
836,15719.0,most_important_customers
837,15727.0,high_monetary
838,15732.0,inactive_customer
839,15733.0,new_customers
840,15737.0,loyal_customers_with_high_recency
841,15738.0,most_important_customers
842,15743.0,new_customers
843,15749.0,loyal_customers_with_high_monetary
844,15750.0,new_customers
845,15753.0,new_customers
846,15755.0,new_customers
847,15759.0,loyal_customers_with_high_recency
848,15769.0,most_important_customers
849,15777.0,loyal_customers_with_high_monetary
850,15780.0,inactive_customer
851,15781.0,new_customers
852,15785.0,new_customers_with_high_monetary
853,15789.0,high_monetary
854,15796.0,most_important_customers
855,15797.0,most_important_customers
856,15799.0,most_important_customers
857,15805.0,loyal_customers_with_high_recency
858,15808.0,most_important_customers
859,15809.0,new_customers
860,15810.0,new_customers_with_high_monetary
861,15811.0,most_important_customers
862,15812.0,inactive_customer
863,15820.0,inactive_customer
864,15823.0,loyal_customers_with_low_recency_&_monetary
865,15827.0,most_important_customers
866,15831.0,loyal_customers_with_low_recency_&_monetary
867,15835.0,inactive_customer
868,15838.0,loyal_customers_with_low_recency_&_monetary
869,15841.0,inactive_customer
870,15843.0,new_customers
871,15845.0,inactive_customer
872,15852.0,new_customers
873,15854.0,loyal_customers_with_high_monetary
874,15856.0,most_important_customers
875,15864.0,loyal_customers_with_low_recency_&_monetary
876,15867.0,most_important_customers
877,15881.0,loyal_customers_with_high_monetary
878,15885.0,new_customers
879,15903.0,new_customers
880,15910.0,inactive_customer
881,15916.0,high_monetary
882,15922.0,inactive_customer
883,15923.0,inactive_customer
884,15938.0,inactive_customer
885,15939.0,loyal_customers_with_high_monetary
886,15940.0,loyal_customers_with_low_recency_&_monetary
887,15953.0,most_important_customers
888,15955.0,high_monetary
889,15967.0,inactive_customer
890,15969.0,new_customers
891,15970.0,new_customers
892,15971.0,high_monetary
893,15973.0,inactive_customer
894,15981.0,inactive_customer
895,15984.0,most_important_customers
896,15996.0,inactive_customer
897,16011.0,inactive_customer
898,16013.0,most_important_customers
899,16019.0,most_important_customers
900,16027.0,loyal_customers_with_high_recency
901,16029.0,most_important_customers
902,16030.0,new_customers
903,16033.0,most_important_customers
904,16034.0,inactive_customer
905,16037.0,new_customers
906,16042.0,loyal_customers_with_low_recency_&_monetary
907,16043.0,inactive_customer
908,16059.0,inactive_customer
909,16073.0,new_customers
910,16081.0,new_customers_with_high_monetary
911,16084.0,new_customers_with_high_monetary
912,16085.0,inactive_customer
913,16092.0,new_customers
914,16094.0,inactive_customer
915,16098.0,most_important_customers
916,16103.0,new_customers
917,16109.0,new_customers
918,16110.0,high_monetary
919,16112.0,loyal_customers_with_low_recency_&_monetary
920,16115.0,new_customers
921,16122.0,inactive_customer
922,16124.0,loyal_customers_with_low_recency_&_monetary
923,16125.0,inactive_customer
924,16126.0,new_customers_with_high_monetary
925,16128.0,new_customers_with_high_monetary
926,16133.0,most_important_customers
927,16134.0,inactive_customer
928,16143.0,most_important_customers
929,16145.0,loyal_customers_with_high_monetary
930,16148.0,new_customers
931,16150.0,loyal_customers_with_low_recency_&_monetary
932,16153.0,most_important_customers
933,16156.0,inactive_customer
934,16161.0,most_important_customers
935,16168.0,loyal_customers_with_high_recency
936,16182.0,new_customers_with_high_monetary
937,16186.0,inactive_customer
938,16191.0,most_important_customers
939,16203.0,loyal_customers_with_low_recency_&_monetary
940,16206.0,inactive_customer
941,16209.0,new_customers
942,16210.0,most_important_customers
943,16212.0,new_customers_with_high_monetary
944,16217.0,new_customers
945,16218.0,new_customers
946,16222.0,high_monetary
947,16233.0,loyal_customers_with_low_recency_&_monetary
948,16235.0,most_important_customers
949,16241.0,inactive_customer
950,16244.0,high_monetary
951,16255.0,most_important_customers
952,16265.0,most_important_customers
953,16270.0,high_monetary
954,16271.0,inactive_customer
955,16279.0,inactive_customer
956,16282.0,inactive_customer
957,16298.0,new_customers
958,16303.0,high_monetary
959,16306.0,most_important_customers
960,16315.0,inactive_customer
961,16316.0,loyal_customers_with_low_recency_&_monetary
962,16317.0,new_customers_with_high_monetary
963,16321.0,loyal_customers_with_high_recency
964,16326.0,loyal_customers_with_high_monetary
965,16327.0,high_monetary
966,16332.0,new_customers
967,16333.0,most_important_customers
968,16350.0,high_monetary
969,16351.0,inactive_customer
970,16353.0,most_important_customers
971,16359.0,loyal_customers_with_high_recency
972,16365.0,inactive_customer
973,16378.0,loyal_customers_with_high_recency
974,16387.0,inactive_customer
975,16389.0,new_customers
976,16393.0,most_important_customers
977,16395.0,loyal_customers_with_high_monetary
978,16401.0,most_important_customers
979,16403.0,loyal_customers_with_high_recency
980,16405.0,loyal_customers_with_high_recency
981,16407.0,loyal_customers_with_high_recency
982,16409.0,inactive_customer
983,16419.0,inactive_customer
984,16422.0,most_important_customers
985,16424.0,inactive_customer
986,16425.0,new_customers
987,16431.0,most_important_customers
988,16434.0,new_customers_with_high_monetary
989,16456.0,new_customers_with_high_monetary
990,16458.0,new_customers
991,16462.0,new_customers
992,16466.0,new_customers
993,16473.0,loyal_customers_with_high_recency
994,16477.0,loyal_customers_with_high_monetary
995,16493.0,inactive_customer
996,16494.0,new_customers_with_high_monetary
997,16496.0,high_monetary
998,16497.0,loyal_customers_with_high_monetary
999,16500.0,inactive_customer
1000,16503.0,loyal_customers_with_high_monetary
1001,16509.0,new_customers_with_high_monetary
1002,16510.0,inactive_customer
1003,16515.0,inactive_customer
1004,16520.0,most_important_customers
1005,16523.0,high_monetary
1006,16525.0,most_important_customers
1007,16531.0,most_important_customers
1008,16532.0,high_monetary
1009,16539.0,inactive_customer
1010,16546.0,inactive_customer
1011,16549.0,inactive_customer
1012,16550.0,new_customers_with_high_monetary
1013,16551.0,inactive_customer
1014,16553.0,new_customers
1015,16554.0,loyal_customers_with_low_recency_&_monetary
1016,16556.0,new_customers_with_high_monetary
1017,16558.0,most_important_customers
1018,16560.0,inactive_customer
1019,16565.0,inactive_customer
1020,16566.0,new_customers
1021,16567.0,high_monetary
1022,16570.0,loyal_customers_with_high_monetary
1023,16571.0,new_customers_with_high_monetary
1024,16573.0,new_customers
1025,16593.0,inactive_customer
1026,16600.0,inactive_customer
1027,16607.0,most_important_customers
1028,16611.0,new_customers
1029,16612.0,most_important_customers
1030,16618.0,high_monetary
1031,16626.0,new_customers_with_high_monetary
1032,16638.0,most_important_customers
1033,16655.0,most_important_customers
1034,16656.0,most_important_customers
1035,16660.0,inactive_customer
1036,16670.0,most_important_customers
1037,16676.0,high_monetary
1038,16678.0,new_customers
1039,16684.0,most_important_customers
1040,16686.0,most_important_customers
1041,16700.0,most_important_customers
1042,16701.0,most_important_customers
1043,16705.0,most_important_customers
1044,16709.0,new_customers_with_high_monetary
1045,16711.0,most_important_customers
1046,16713.0,most_important_customers
1047,16714.0,loyal_customers_with_high_monetary
1048,16716.0,most_important_customers
1049,16717.0,new_customers
1050,16719.0,inactive_customer
1051,16722.0,inactive_customer
1052,16725.0,most_important_customers
1053,16726.0,most_important_customers
1054,16730.0,loyal_customers_with_high_recency
1055,16735.0,high_monetary
1056,16738.0,new_customers
1057,16745.0,most_important_customers
1058,16746.0,most_important_customers
1059,16748.0,most_important_customers
1060,16752.0,inactive_customer
1061,16755.0,inactive_customer
1062,16757.0,inactive_customer
1063,16763.0,new_customers
1064,16765.0,new_customers
1065,16767.0,high_monetary
1066,16770.0,loyal_customers_with_high_monetary
1067,16771.0,most_important_customers
1068,16775.0,inactive_customer
1069,16779.0,most_important_customers
1070,16781.0,inactive_customer
1071,16782.0,loyal_customers_with_low_recency_&_monetary
1072,16791.0,inactive_customer
1073,16792.0,loyal_customers_with_high_recency
1074,16814.0,most_important_customers
1075,16816.0,loyal_customers_with_low_recency_&_monetary
1076,16817.0,new_customers
1077,16825.0,new_customers
1078,16833.0,inactive_customer
1079,16839.0,most_important_customers
1080,16841.0,new_customers
1081,16842.0,new_customers_with_high_monetary
1082,16843.0,most_important_customers
1083,16849.0,new_customers
1084,16850.0,inactive_customer
1085,16858.0,inactive_customer
1086,16863.0,inactive_customer
1087,16873.0,loyal_customers_with_high_monetary
1088,16875.0,most_important_customers
1089,16882.0,inactive_customer
1090,16883.0,inactive_customer
1091,16885.0,inactive_customer
1092,16889.0,high_monetary
1093,16892.0,inactive_customer
1094,16897.0,loyal_customers_with_high_recency
1095,16904.0,loyal_customers_with_high_recency
1096,16906.0,new_customers
1097,16912.0,high_monetary
1098,16916.0,inactive_customer
1099,16918.0,inactive_customer
1100,16923.0,loyal_customers_with_high_monetary
1101,16928.0,loyal_customers_with_high_recency
1102,16931.0,most_important_customers
1103,16938.0,new_customers
1104,16943.0,high_monetary
1105,16945.0,most_important_customers
1106,16948.0,inactive_customer
1107,16949.0,most_important_customers
1108,16951.0,new_customers_with_high_monetary
1109,16955.0,loyal_customers_with_high_recency
1110,16957.0,new_customers
1111,16979.0,most_important_customers
1112,16983.0,inactive_customer
1113,16985.0,loyal_customers_with_low_recency_&_monetary
1114,16992.0,new_customers
1115,16996.0,loyal_customers_with_low_recency_&_monetary
1116,16997.0,most_important_customers
1117,16998.0,new_customers
1118,17001.0,high_monetary
1119,17007.0,loyal_customers_with_low_recency_&_monetary
1120,17015.0,new_customers_with_high_monetary
1121,17018.0,high_monetary
1122,17019.0,inactive_customer
1123,17026.0,new_customers
1124,17027.0,loyal_customers_with_high_recency
1125,17035.0,loyal_customers_with_high_recency
1126,17048.0,most_important_customers
1127,17050.0,most_important_customers
1128,17062.0,inactive_customer
1129,17063.0,new_customers
1130,17064.0,inactive_customer
1131,17068.0,loyal_customers_with_high_monetary
1132,17069.0,loyal_customers_with_low_recency_&_monetary
1133,17071.0,loyal_customers_with_high_recency
1134,17075.0,inactive_customer
1135,17082.0,high_monetary
1136,17083.0,most_important_customers
1137,17085.0,most_important_customers
1138,17090.0,inactive_customer
1139,17091.0,most_important_customers
1140,17094.0,loyal_customers_with_low_recency_&_monetary
1141,17095.0,most_important_customers
1142,17097.0,inactive_customer
1143,17105.0,new_customers
1144,17107.0,new_customers_with_high_monetary
1145,17114.0,loyal_customers_with_high_recency
1146,17118.0,inactive_customer
1147,17124.0,new_customers
1148,17126.0,most_important_customers
1149,17128.0,inactive_customer
1150,17135.0,inactive_customer
1151,17147.0,high_monetary
1152,17162.0,most_important_customers
1153,17175.0,new_customers_with_high_monetary
1154,17180.0,loyal_customers_with_low_recency_&_monetary
1155,17188.0,most_important_customers
1156,17190.0,new_customers
1157,17204.0,inactive_customer
1158,17211.0,inactive_customer
1159,17213.0,most_important_customers
1160,17214.0,loyal_customers_with_high_recency
1161,17218.0,loyal_customers_with_high_monetary
1162,17220.0,inactive_customer
1163,17223.0,new_customers
1164,17226.0,new_customers_with_high_monetary
1165,17228.0,loyal_customers_with_low_recency_&_monetary
1166,17230.0,most_important_customers
1167,17231.0,most_important_customers
1168,17235.0,high_monetary
1169,17236.0,loyal_customers_with_high_recency
1170,17238.0,loyal_customers_with_high_recency
1171,17239.0,loyal_customers_with_high_monetary
1172,17243.0,most_important_customers
1173,17251.0,inactive_customer
1174,17252.0,new_customers_with_high_monetary
1175,17255.0,new_customers
1176,17256.0,inactive_customer
1177,17277.0,high_monetary
1178,17282.0,new_customers_with_high_monetary
1179,17284.0,high_monetary
1180,17287.0,inactive_customer
1181,17288.0,loyal_customers_with_high_recency
1182,17291.0,new_customers_with_high_monetary
1183,17293.0,new_customers
1184,17302.0,new_customers
1185,17306.0,most_important_customers
1186,17311.0,high_monetary
1187,17314.0,loyal_customers_with_high_monetary
1188,17315.0,most_important_customers
1189,17323.0,new_customers
1190,17324.0,high_monetary
1191,17329.0,inactive_customer
1192,17334.0,loyal_customers_with_high_recency
1193,17337.0,most_important_customers
1194,17338.0,high_monetary
1195,17340.0,loyal_customers_with_high_monetary
1196,17343.0,inactive_customer
1197,17346.0,new_customers
1198,17348.0,new_customers
1199,17356.0,inactive_customer
1200,17358.0,most_important_customers
1201,17361.0,loyal_customers_with_high_recency
1202,17362.0,new_customers
1203,17364.0,loyal_customers_with_high_monetary
1204,17365.0,loyal_customers_with_high_monetary
1205,17368.0,loyal_customers_with_high_monetary
1206,17372.0,inactive_customer
1207,17373.0,inactive_customer
1208,17375.0,inactive_customer
1209,17376.0,inactive_customer
1210,17377.0,most_important_customers
1211,17381.0,most_important_customers
1212,17389.0,most_important_customers
1213,17392.0,most_important_customers
1214,17396.0,high_monetary
1215,17400.0,high_monetary
1216,17402.0,inactive_customer
1217,17404.0,loyal_customers_with_high_monetary
1218,17406.0,loyal_customers_with_high_monetary
1219,17409.0,new_customers_with_high_monetary
1220,17412.0,most_important_customers
1221,17414.0,new_customers_with_high_monetary
1222,17418.0,inactive_customer
1223,17419.0,most_important_customers
1224,17422.0,new_customers
1225,17426.0,new_customers_with_high_monetary
1226,17428.0,most_important_customers
1227,17429.0,new_customers
1228,17431.0,high_monetary
1229,17442.0,new_customers
1230,17446.0,new_customers
1231,17449.0,new_customers
1232,17450.0,most_important_customers
1233,17454.0,new_customers
1234,17457.0,most_important_customers
1235,17460.0,loyal_customers_with_low_recency_&_monetary
1236,17463.0,high_monetary
1237,17470.0,inactive_customer
1238,17472.0,new_customers
1239,17491.0,inactive_customer
1240,17504.0,high_monetary
1241,17507.0,new_customers
1242,17511.0,loyal_customers_with_high_monetary
1243,17512.0,most_important_customers
1244,17515.0,inactive_customer
1245,17517.0,new_customers
1246,17530.0,new_customers_with_high_monetary
1247,17537.0,new_customers_with_high_monetary
1248,17540.0,inactive_customer
1249,17547.0,inactive_customer
1250,17552.0,loyal_customers_with_low_recency_&_monetary
1251,17555.0,inactive_customer
1252,17560.0,loyal_customers_with_high_recency
1253,17567.0,most_important_customers
1254,17569.0,high_monetary
1255,17571.0,new_customers
1256,17576.0,most_important_customers
1257,17580.0,loyal_customers_with_low_recency_&_monetary
1258,17581.0,loyal_customers_with_high_monetary
1259,17585.0,high_monetary
1260,17591.0,most_important_customers
1261,17593.0,high_monetary
1262,17602.0,high_monetary
1263,17604.0,inactive_customer
1264,17609.0,most_important_customers
1265,17611.0,loyal_customers_with_high_monetary
1266,17612.0,loyal_customers_with_high_recency
1267,17613.0,new_customers_with_high_monetary
1268,17616.0,inactive_customer
1269,17619.0,inactive_customer
1270,17621.0,loyal_customers_with_high_monetary
1271,17629.0,inactive_customer
1272,17634.0,high_monetary
1273,17644.0,loyal_customers_with_high_recency
1274,17646.0,new_customers_with_high_monetary
1275,17652.0,new_customers
1276,17655.0,loyal_customers_with_high_recency
1277,17659.0,loyal_customers_with_high_recency
1278,17667.0,new_customers_with_high_monetary
1279,17672.0,new_customers_with_high_monetary
1280,17673.0,most_important_customers
1281,17675.0,most_important_customers
1282,17677.0,most_important_customers
1283,17685.0,most_important_customers
1284,17686.0,new_customers_with_high_monetary
1285,17690.0,most_important_customers
1286,17691.0,inactive_customer
1287,17692.0,new_customers
1288,17696.0,most_important_customers
1289,17705.0,new_customers
1290,17707.0,loyal_customers_with_high_recency
1291,17708.0,inactive_customer
1292,17714.0,inactive_customer
1293,17722.0,loyal_customers_with_high_monetary
1294,17730.0,most_important_customers
1295,17735.0,high_monetary
1296,17738.0,new_customers_with_high_monetary
1297,17739.0,inactive_customer
1298,17742.0,inactive_customer
1299,17744.0,loyal_customers_with_high_monetary
1300,17757.0,most_important_customers
1301,17769.0,high_monetary
1302,17770.0,new_customers_with_high_monetary
1303,17771.0,inactive_customer
1304,17774.0,new_customers
1305,17786.0,inactive_customer
1306,17787.0,most_important_customers
1307,17790.0,loyal_customers_with_high_recency
1308,17796.0,loyal_customers_with_high_monetary
1309,17799.0,loyal_customers_with_high_monetary
1310,17800.0,inactive_customer
1311,17802.0,inactive_customer
1312,17809.0,new_customers_with_high_monetary
1313,17811.0,most_important_customers
1314,17819.0,most_important_customers
1315,17828.0,new_customers_with_high_monetary
1316,17829.0,new_customers_with_high_monetary
1317,17838.0,new_customers_with_high_monetary
1318,17841.0,most_important_customers
1319,17843.0,new_customers
1320,17848.0,loyal_customers_with_high_recency
1321,17849.0,most_important_customers
1322,17850.0,most_important_customers
1323,17854.0,new_customers
1324,17857.0,most_important_customers
1325,17858.0,most_important_customers
1326,17859.0,new_customers
1327,17861.0,inactive_customer
1328,17862.0,inactive_customer
1329,17863.0,high_monetary
1330,17865.0,most_important_customers
1331,17869.0,inactive_customer
1332,17870.0,inactive_customer
1333,17874.0,new_customers
1334,17881.0,new_customers
1335,17884.0,inactive_customer
1336,17888.0,loyal_customers_with_low_recency_&_monetary
1337,17889.0,inactive_customer
1338,17890.0,inactive_customer
1339,17894.0,loyal_customers_with_low_recency_&_monetary
1340,17897.0,inactive_customer
1341,17905.0,inactive_customer
1342,17912.0,loyal_customers_with_high_recency
1343,17913.0,inactive_customer
1344,17920.0,loyal_customers_with_high_monetary
1345,17923.0,new_customers
1346,17924.0,loyal_customers_with_high_recency
1347,17929.0,new_customers
1348,17937.0,new_customers_with_high_monetary
1349,17940.0,new_customers_with_high_monetary
1350,17949.0,most_important_customers
1351,17951.0,inactive_customer
1352,17954.0,most_important_customers
1353,17961.0,most_important_customers
1354,17964.0,inactive_customer
1355,17965.0,most_important_customers
1356,17966.0,new_customers
1357,17975.0,most_important_customers
1358,17976.0,high_monetary
1359,17987.0,new_customers
1360,17988.0,inactive_customer
1361,17990.0,inactive_customer
1362,17999.0,inactive_customer
1363,18008.0,inactive_customer
1364,18016.0,most_important_customers
1365,18017.0,new_customers
1366,18032.0,inactive_customer
1367,18037.0,inactive_customer
1368,18041.0,most_important_customers
1369,18055.0,loyal_customers_with_high_monetary
1370,18061.0,inactive_customer
1371,18062.0,inactive_customer
1372,18065.0,inactive_customer
1373,18069.0,loyal_customers_with_low_recency_&_monetary
1374,18072.0,new_customers
1375,18073.0,new_customers
1376,18075.0,most_important_customers
1377,18077.0,loyal_customers_with_high_monetary
1378,18084.0,new_customers
1379,18085.0,high_monetary
1380,18087.0,new_customers
1381,18092.0,most_important_customers
1382,18093.0,most_important_customers
1383,18094.0,new_customers_with_high_monetary
1384,18095.0,loyal_customers_with_high_monetary
1385,18097.0,loyal_customers_with_high_monetary
1386,18102.0,most_important_customers
1387,18106.0,high_monetary
1388,18109.0,most_important_customers
1389,18116.0,most_important_customers
1390,18118.0,most_important_customers
1391,18125.0,most_important_customers
1392,18136.0,inactive_customer
1393,18138.0,new_customers
1394,18144.0,inactive_customer
1395,18145.0,high_monetary
1396,18155.0,new_customers
1397,18159.0,new_customers_with_high_monetary
1398,18161.0,inactive_customer
1399,18168.0,new_customers
1400,18171.0,inactive_customer
1401,18172.0,new_customers
1402,18176.0,loyal_customers_with_high_monetary
1403,18178.0,new_customers
1404,18179.0,loyal_customers_with_high_monetary
1405,18190.0,loyal_customers_with_low_recency_&_monetary
1406,18198.0,loyal_customers_with_high_monetary
1407,18202.0,high_monetary
1408,18212.0,inactive_customer
1409,18219.0,new_customers
1410,18221.0,new_customers
1411,18223.0,loyal_customers_with_high_monetary
1412,18225.0,most_important_customers
1413,18226.0,most_important_customers
1414,18229.0,most_important_customers
1415,18230.0,new_customers_with_high_monetary
1416,18233.0,high_monetary
1417,18236.0,new_customers
1418,18239.0,loyal_customers_with_high_monetary
1419,18245.0,most_important_customers
1420,18248.0,new_customers_with_high_monetary
1421,18250.0,most_important_customers
1422,18256.0,inactive_customer
1423,18257.0,new_customers
1424,18260.0,loyal_customers_with_high_monetary
1425,18269.0,inactive_customer
1426,18277.0,inactive_customer
1427,18283.0,loyal_customers_with_low_recency_&_monetary
